153743,cgtranslations.me
516576,langstonrealtygroup.com
834206,teknokonsol.com
630190,cbcdmedia.com
477860,tulli.fi
311928,glomission.com
867877,forum-bmwfans.com
385464,sdpnoticias.com
722313,czerniewskiins.com
874063,danbomoebler.dk
181511,grocerjy.com
707170,usevideowise.co
171432,der-artikel.de
258394,preachingtoday.com
649043,gcdtf.uk
351477,lingvana.ru
277953,minima.global
210166,nebel.pro
444711,thewilds.ca
278225,wbeapps.com
714209,zwivel.com
81682,dimurq.com
16988,bluegq.com
688469,rodilla.com
288374,interia.tv
740702,pandorcakes.com
583898,nordic-wools.myshopify.com
285657,khatmiya.com
225018,lenremont.ru
519849,skillsbyte.co.uk
629642,carnegiemoscow.org
438693,penprofile.com
562322,legendsdigital.com
828410,lordmedia.org
73546,circlekeurope.com
365391,banseechompu.com
797967,bruckwirt.at
417343,pgmeji07.com
760670,cimc.com.au
791737,larp.be
286874,sohorsys.fr
694070,slowflowersjournal.com
22609,shoplyfter.com
887095,auctioninjapan.live
279741,americantower.com
425110,firstchoicedental.com
216477,ismyschool.net
488213,hoadondientuvn.info
251083,hebe.com
257568,brewers.co.uk
375685,antoineticketing.com
66564,dday.it
289396,rayamovalled.ir
800496,conservationjobsuk.com
472186,kingsunswitch.com
161961,bitcoinaliens.com
358390,vipotv.com
373173,ouvirmusica.com.br
47601,penpot.app
596413,arcusmarket.com
793762,citexco.com
203670,brillmedia.co
471667,iranadventurers.com
551745,benchmarkfurniture.com
599315,znaimo.com.ua
473008,navaamoozesh.loxblog.com
715618,clubplanner.be
573501,trilliumbrewing.com
469192,anahitatours.ir
227039,thewrap.life
319985,mersifile.com
809348,wordsworth.com.sg
383790,ortodoxia.md
774282,ebookchasseur.com
860042,presence-active.org
449954,capristoexhaust.com
651638,greenbuzzagency.com
56132,001133.xyz
456936,ticketline.co.rs
78293,mobocover.com
49988,olhonocarro.com.br
517093,marinersaddleclub.com
108423,cigniti.com
593980,dactarachen.com
474399,shijuvarghese.com
191528,eztravelnews.blog
684199,productionlist.com
688354,rochester911.com
857781,f10741-my.sharepoint.com
219129,pelisforte.co
317639,dressup.ge
96712,dantravels.org
99956,smbulk.com
648541,gajitz.com
272173,landbrugsavisen.dk
178999,engineerexcel.com
90338,myfitness.ee
245337,mi-rin.com
435816,pozz.ca
556697,epidem.ru
428978,tuproyectodevida.pe
872037,thedutchonlineacademy.com
581384,powell.no
229804,tgr.gov.ma
557140,farmcards.org
281338,missyempire.com
202031,absolutetoner.com
298153,sbcodez.com
301304,cryptoservices.github.io
834602,tkbbv.org.tr
174398,ismi.jp
875357,klosterbakken.dk
125032,webtrainings.in
725192,karascott.podbean.com
451495,treis.it
435335,bregalnicki.mk
744933,yeniumitilkyardim.com
729966,tireamerica.com
894024,pppplortis.wixsite.com
737719,graphiqastudio.com
851934,lampspares.co.uk
841764,tickettool.net
367464,riches888pg.com
140026,forrecruitment.com.ng
226215,singular.live
450757,libreriasiracusadomus.it
266593,recomize.co.il
13764,quic.cloud
389000,myiem.org.my
445330,chiefsluauhawaii.com
815631,thetechman1.blogspot.com
757015,eccmedya.com
480290,beechcroftlabradors.com
217397,fodera.com
105703,ahmedreda.net
715291,bizbook.be
123895,laaldeadelaselva.com
327801,sealife-cameras.com
317931,lomonoxop.vn
30018,betensured.com
451351,soprintendenzaspecialeroma.it
104742,shmarinas.com
315159,charlieclarknissanharlingen.com
523259,brusselshealthnetwork.be
215442,woccu.org
461648,laughfactory.com
426898,mypayerdirectory.com
212977,solarservicehelp.com
225289,lightdload.xyz
89954,serventeycia.com
90534,silversea.com
707804,veeto.co
416567,dbrs.dk
147310,vse-kino-chasti.ru
811809,purederm.be
675285,newarkpulse.com
200010,miku-bs.ru
637435,dearemery.com
732888,anjkids.ru
17116,videlephant.com
98429,1lib.sk
848067,vaillant.nl
214762,upsleeve.co
491472,outcropbd.com
432271,bzeps.com
524923,ulkem.com.tr
136985,kunskapsmatrisen.se
319996,moshaveraneh.com
491337,kengacupuncture.com
636090,culinarydepotinc.com
93067,wordery.com
210387,nleomf.org
389902,bundleofsvg.myshopify.com
378143,star8arab.com
496115,metasozluk.com
859939,pill.ch
717805,benopzoek.nl
729697,thefountaininstitute.com
5875,loopnet.com
168035,football-lineups.com
645138,fccincinnati.com
256160,taxscouts.com
504456,mgyattha.blogspot.com
48078,nicematin.com
93144,reiwa.com.au
321064,easyapps.bot
81284,nmg.co.za
757048,ercanharmanci.com
132107,malayalamkambikathakal.info
305616,crackpoint.club
800717,ferry.ie
747191,eggtooth.org.uk
341139,averagelinuxuser.com
296802,quinoland.com
54648,oxxo.com
44685,mailcloud.com.tw
807820,ximeo.be
330572,theagency.com.au
556062,dutkoworldwide.com
120929,otandp.com
430692,clubhipo.com
840627,onlytvshows.cc
369024,ancient-minerals.com
796038,nrmhydraulic.com
84817,clickbankproductreviews.org
420958,classichomeremodeling.com
344050,citywireselector.com
853761,ssoseavikings.wixsite.com
834885,tropmix.com
518452,pearllemonpr.com
758833,keismindwarp.com
819210,alperelektronik.net
182667,odecarequipa.com
349028,ekzotika.com
578475,nakanime.com
130214,mytorchit.com
293531,pulse.rs
699582,tearsbeforepearls.blogspot.com
895688,fedniy.com
290320,benefitfx.org
537917,thibaud-robin.fr
320672,sagominibox.com
39340,ozone.bg
321232,olipso.com
494916,idpeducation-my.sharepoint.com
364151,httpool.com
78430,turkmenistanhabar.com
80350,ip2proxy.com
240824,acredo.jp
689196,russellwestbrookmaserati.com
656483,icustomerservicenumber.com
725520,leadpower.net
833757,sunpettr.com.tr
647364,frankenmuthclock.com
375475,adnh.com
835603,veterinarylabsupply.com
870095,nasty-young.com
436483,albertfead1958.blogspot.com
480590,buckdeesemobilemarine.com
199486,wpccu.org
855850,scottfury.com
235324,hso1com.sharepoint.com
464656,chatnations.com
895806,ocatharinense.com.br
514264,entertainmentcityph.com
810136,d-way.ch
45881,musiclab.cloud
480782,cbislandrentals.com
829746,mybeautisure.com
657848,inputspike.com
679529,pacificbulbsociety.org
639127,diysmartthings.com
124906,lotte-shop.jp
534969,medicalinformation.it
338855,regengeld.de
363495,abci.org
15242,yugipedia.com
727300,packexpointernational.com
355877,svoefermerstvo.ru
22367,50018.com
658411,iogogogo.github.io
196301,intechforest.com
487322,ento.com
833342,smmsokak.com
31072,bankalbilad.com
202626,apksavers.blogspot.com
482517,heavenlyhomesnj.com
613009,preeclampsia.org
183902,docracy.com
766911,speedrack.com.au
594904,masteringtheflame.com
559728,hive.investments
308498,properhotel.com
286014,inquisiqlms.com
790989,vitisport.cz
403529,tcacommercialappliance.com
590675,sweet-web-design.com
819886,astech.com.tr
653323,hccinc.org
322694,fulcheredwards.co.uk
319326,solarnorge.no
313070,ultimatetattoosupply.com
149575,hostedscan.com
855931,storm-moebler.dk
661542,kaukaunautilities.com
187654,intamedia.ir
22739,burningcamel.com
133048,hevelsolar.com
567493,powerandlove.org
741800,sdmimd.ac.in
490629,nughazimedia.com
421124,youtravel.com
465488,gacoam.com
341120,storesanad.com
62491,apkaward.com
327761,reformationcharlotte.org
573650,tubemilf.com
773859,dominos.ch
689865,samanthanankervis.wixsite.com
507603,silverandblueoutfitters.com
37202,aa143999.xyz
18366,solaranalyticscorp.com
31545,dublaseries.net
365469,blbmanny.com
216539,kwaeom.go.th
345034,khooger.plus
731894,my-gaestebuch.de
517230,mel4mayor.com
134044,iwanami.co.jp
629139,cannontrading.com
11383,edhrec.com
118279,egyresmag.com
695420,spanknang.com
777488,trendgrouptv33.live
192943,muface.es
567813,protoneer.co.nz
538745,yaoi801fansub.it
316736,reputationroi.com
520992,thesized.com
160927,inkedshop.com
667267,maddyglab.com
486352,tm2sign.com
376958,ionarts.blogspot.com
625419,bitsplitting.org
174567,mu-tech.co.jp
97813,brandxintimates.com
780329,articonf.eu
432832,advancedmedicine.market
382128,delivio.by
717493,warez-bb.site
518807,professionalghostwriter.com
172439,dralexischesney.com
46284,znakomstva-prosto.com
390010,olli.vn
41536,clickajobs.io
726151,medi-shop.ca
651326,gramaticalia.com
434269,henw.org
134582,yperear.wixsite.com
398071,callr.tech
81036,enterother.com
861041,teuderun.de
223263,giveme5.pk
88588,sumatrapdfreader.org
55841,dohanews.co
438713,phoenixazinjurylaw.com
549562,abusora.com
828287,linkedtips.com
94781,filmeserialegratis.net
385900,alestedelima.com
60849,thekingofduck.com
11063,fastpeoplesearch.com
697965,supercell.jp
566490,palmspringsnorth.net
230192,ncwater.org
91792,airport.ir
776339,istoseo.org
723273,fampayment.com
267754,tomslakey.com
18598,w3techs.com
660126,jinja-tera-gosyuin-meguri.com
98466,andro.gr
545457,scoolinary.com
193339,hyipdealer.com
31624,mandao.tv
409086,concoursavenir.fr
130201,masterclean.sa.com
644616,fairmountfibers.com
191805,overheadasia.com
496408,chainplay.gg
84792,porn00.com
565516,noi.org
847734,resignworking.com
378967,imprentaonline.net
40417,qianxiaoyi.com
585818,beboithongminh.net
522134,worldhappiness.foundation
299908,kamsonbkk.com
487729,azwinn.com
750594,prostozfrontu.wordpress.com
645544,fieracosmetics.com
471373,hemorrhoid.ir
62725,nagordola.com.bd
416830,leftsidepains.com
3913,usvisa-info.com
500484,dwejmft.com
612138,glassexpress.com.au
370379,jambojet.com
665379,lindgren-pitman.com
311735,christiedigital.com
185515,eexam.world
422371,frenchiestore.com
303495,hitachiclimat.fr
467681,shadesailsaz.com
435126,world-weather.info
362079,nickandishan.com
582022,atbforum.com
5775,wati.io
231689,unilabs.com
262644,cloudli.com
202700,arios.in
71531,onlinevisa.com
253145,strandedunicorns.com
248749,web-dice.com
653077,harrismachinetools.com
334370,bpm-expo.com
1290,rfi.fr
859379,mfcr.cz
316240,gospelebooks.net
608701,world3dmap.com
462644,fotowoltaikaonline.pl
473163,noorgfx.ir
335041,disana.de
467574,salty-scales.myshopify.com
524080,stakers.com
516214,izone.com.pk
844621,mahjong-peli.com
174600,nishitokyo.ed.jp
673874,myplanneronline.com
738161,idf.org
177944,a360inc.com
471460,host97.net
39529,saiwhute.com
528004,easeseatingsystems.com
691534,sellerise.com
527246,streamingxx1.art
555859,downeu.net
738938,kasurnet.com
526907,folderseo.com
546575,w3ubin.com
475385,xpro.fitness
310986,saltsync.com
288223,goldenwestlake.com.vn
319614,fatsecret.pl
642301,elpalaciodehierro-my.sharepoint.com
594495,headlinebooks.com
584935,village-bikes.ca
436156,hilplife.xyz
784462,dekookbijbel.be
711827,wordplay.com
681477,philippinesvisa.com
363674,best-pornos.com
792541,nomis.com.ua
488589,nguonhangre.com
273149,claranet.sharepoint.com
281359,moebelkompagniet.dk
748779,ksiegowoscspolki.pl
333722,allyourhorses.de
289281,ariyanahal.ir
172207,apostil.co.za
850237,codesanook.com
50389,leyard.com
530017,adultdvd4sale.com
359674,prosperity.com
511320,allcoupons.pk
342584,hows.tech
581829,121west.ca
172350,cindysommer.com
349885,gildiapo.ru
185942,computerverge.com
55665,frontpad.ru
234433,diyblinds.com.au
555395,denalidogsled.com
572237,thaicafeinc.com
218228,vtm.be
100708,saude.fun
131080,10up.com
259144,tiz-cycling.io
329392,dalmontevivai.com
1483,drudgereport.com
413793,yearn.fi
216767,p2c.com
64078,tuv-austria.ro
787001,ksiegarnia-ekonomiczna.com.pl
307626,greenfieldsolar.co.uk
418466,ttmesaj.com
658083,integritymarketingsolutions.com
139576,ranklogs.com
547268,sportnz.org.nz
288072,ashs.org
642582,empleosyservicios.com
848477,expathairstudio.com
586842,dinhseo.com
248637,vip2ch.com
158363,rostovmama.ru
752898,hemtrevligt.se
805263,probat.no
774995,teknologiateollisuus.fi
315041,american-dealer.com
338805,rav.de
19179,automate.io
419583,uyghurtimes.com
415541,mountaintopuniversity.edu.ng
793750,chinaplasonline.com
162941,mirc.com
777934,bikelife.hu
589828,phukiendientu.com
256301,payzone.ie
391045,thumuaphelieugiacao.com.vn
653754,helenaalkhas.com
421861,lubelskie.pl
854292,trenza.se
83199,apollomaniacs.com
42740,ahxjyjg.com
14904,psx.com.pk
438524,nixinjector.net
267532,mikesamazingworld.com
348862,dukon.ru
68209,chudesenka.ru
5407,tpsl-india.in
436243,rsssearchhub.com
264075,tecedo.de
16325,zikroarg.com
270058,mitula.pk
400524,justiceinspectorates.gov.uk
70862,araku.ac.ir
728127,reflexionescatolicas-org.translate.goog
193609,crust.com.au
331795,spainvisa-iran.com
421840,helltorrents.com
150581,hindiwordcounter.com
304348,playerduo.com
4957,aquamanga.com
373150,alexion.com
233235,pbags.com
19469,triviatoday.com
806068,vawnet.org
118134,790adventure.net
476207,volonte-d.com
724028,grapplingschool.com
477296,leaksource.co
872558,vibrationdata.com
446831,stickyfingerscooking.com
784504,derma-rijnmond.nl
71774,mondovo.com
839853,koleksiyon-teklif.cam
481295,dayatthetrack.com
32405,divacademy.az
62727,triplelift.com
407824,virtagora.com
233268,porvenirpreferencial.com
883390,popnroll.tv
755157,nisbets.nl
405135,callatemna.com
864318,exsif.ru
313606,mybasketteam.com
873904,citizenmatters.in
571897,tampafamilyhc.com
671984,monogramcoffee.com
881630,javsfree.xyz
34133,atento.com
231699,niob.app
394192,shaparak.blue
493404,domoticx.com
461401,bizdirectsg.com
182768,santopedia.com
622199,autotechnika.hu
800210,123movies-4k.cam
147451,3g.co.uk
37765,sxdbg.com
837775,awoerndl-my.sharepoint.com
714101,zonemedia.co
550799,armstrongteasdale.com
43460,mothershanghai.com
363476,1c-umi.ru
496238,journaldumali.com
333096,yamaha-extranet.com
705976,typesofhats.com
247435,siliconstudio.co.jp
683064,porn4days.me
185156,pungenerator.org
281001,gtm.hk
487783,betrimex.com.vn
785366,flowbizz.nl
405380,vebasait.com
61430,xianshuabao.com
125995,inn.co.il
454447,mutualofamerica.com
7825,mahacet.org
535155,mixita.com
632426,claritystamp.com
648226,funnycam.al
371865,bernard-luc.com
367018,nokiagang.com
768710,youngwoon.github.io
278068,mercatinousato.com
710263,wedhawaii.com
90595,sheepplus.com
249984,10besty.com
269201,stktours.ru
247780,sundaybrush.com
859190,m-way.ch
232895,imigra.net
577109,agilefilms.com
60530,smalld.cn
502915,jahorina.org
447101,verityinspections.com
119466,datsoft.com
712904,xxxmalayporn.com
332334,cambostudio.com
275254,thaimedshop.com
5231,sabangnet.co.kr
635267,craigabbott.co.uk
576788,pdf-to-words.com
678661,oralseks.org
55087,megaurl.io
797243,toynamics.com
97363,leelootrading.com
142396,goepower.com
784591,dickmann.org
791022,voetbalkennisplatform.nl
124204,septimovaron.com.ar
9795,developpaper.com
262397,phare-ouest.net
191789,ollku.club
751866,tlumsponsoruje.pl
391227,fast-digibyte.eu
785165,exnessjapan.com
4119,vqu4698.com
416890,onedayshootouts.com
289048,insurancedusa.us
533003,gabbianopasticceria.com
85215,utaargentina.com
202575,ansara.in
503082,joltup.com
746684,cpc-power.com
507910,specializedlincolnpark.com
300548,handtiedbox.com
797524,vttcenter.ca
97141,retroarch.com
334298,blsv.de
28189,educacionalcloud.com.br
644744,familyresourcenetwork.org
369305,powerhome.com
486751,viploader.net
656211,i-just-want-to-destroy.tumblr.com
296740,hezarekala.com
383288,yedigunluk.com
351600,lugenergo.ru
158178,trony.it
292480,xn--42-9kch4bswp.xn--p1ai
708855,vitals-demo.myshopify.com
235200,3dru.net
687306,reshlok.com
330542,verycd.com
815348,sosdebarras.com
145704,luminati-china.biz
138051,bundesnetzagentur.de
247972,tannowa.or.jp
584805,tradingacademy.com
36694,articlegenerator.org
837078,itabus.it
325511,horaires-de-trains.fr
11105,checkpagerank.net
818121,samen-leven.eu
226787,dw-t-e-c-h.blogspot.com
516125,irealprojects.com
43288,jrjingshan.com
847884,speedyairportservice.be
161784,tnuck.com
532891,fortynorthsecurity.com
357070,vocal.land
479184,icondigital.com
717084,tofutempe.wordpress.com
603149,indianpornmax.com
465856,huntees.com
642696,encompass-ihc.com
255286,ecpms.net
246465,pen-info.jp
659511,jav-press.com
248270,toracon.jp
204679,dadimakenuskhe.com
316997,crackmods.com
578920,debesto.com
248590,v-labo-doctork.jp
97809,pycom.io
460108,masakapahariini.com
616754,adatile.com
175284,nhrm.gov.tw
458929,pormega.com
206201,formsubmit.in
574480,vidz.com
385457,mybanker.dk
212147,s.wordpress.com
94126,umcs.pl
778819,retiredyoung.de
410424,i-de.es
263766,massivplattenversand.de
363198,life-health.site
877373,vikingeskibsmuseet.dk
214204,thewebtransformers.com
738697,jcjc.edu
589184,muabanvps.com
139153,icm313.com
86966,baskentgazete.com.tr
255819,fit4less.ca
109140,chip1stop.com
601170,rainbowtrailchalets.com.au
153406,teleame.com
421319,landbazar.net
329404,donna10.it
395027,avenica.com
616656,acttrue.com
503582,lasvegascoinlaundry.com
392083,ospedalesanmartino.it
43231,icoc.vc
832602,sayginlarnakliyat.com
491847,schubiweine.ch
764431,mineware.com
556335,eferrhvbqnfhkthu.info
816296,linuxgsm.com
823458,eldenhirdavat.com
811618,hertz.be
596260,24videoru.net
748224,ingless.pl
216028,beyondlashesngloss.com
131450,clothbase.com
216254,enterpriseal.gov
53189,regione.fvg.it
72655,brandenburg.de
241289,audiobooksforfree.com
24401,atlantico.ao
461965,rastclick.co
707552,valuemyweb.com
681096,performanceracing.com
736047,botdownloader.com
433777,store-wckapzq5p5.mybigcommerce.com
580835,hocalarageldik.com
801930,xxnx.pink
300945,novinbat.com
148289,adchitects.co
66474,collegesimply.com
327425,littlebinsforlittlehands.com
536214,politoit-my.sharepoint.com
388400,totteringmama.com
72920,pastpapers.wiki
836059,wonmania7.com
599430,pmlp.gov.lv
887230,farmerautovillage.co.nz
649237,gendercensus.com
590457,sleepapneamask.net
601472,trenton.com.au
789803,sportivity.com
349448,finestshops.com
302670,escapia.com
378682,zakline.com
200363,toko-tebe.ru
189028,eee.me
817911,mijntelco.be
26302,100sp.ru
244735,kura-con.jp
301843,printworkslondon.co.uk
728060,readingplastic.com
885355,v360property.com
251207,icdt.com.tw
40526,seacargotracking.com
883483,privatecamporns.blogspot.com
301676,makerscentral.co.uk
303156,maxbet.tn
796628,sadahastanesi.com
893348,medshop.co.nz
834646,tomorrow.one
705026,trinity-prod.herokuapp.com
305488,previsite.net
292737,a-nalgin.livejournal.com
288476,pvamu.edu
132751,tushmagazine.com.ng
442061,gastroenterologyandhepatology.net
616560,acrl.org
639442,dogwheelchairscenter.com
748200,inaprawy.pl
730171,triradar.com
465469,fubarwebmasters.com
335904,gartendekor-lippstadt.de
712704,xolopbr.com
764575,moving2canada.com
649141,gecu.com
263384,canstockphoto.de
96012,nytrngsecure.com
148801,av8.jp
403871,timetransformed.com
895409,workee.net
542886,historiadegalicia.gal
363700,bouf.dev
91257,yoat.xyz
239869,drc.gov.bt
302690,forsythdeeds.com
210091,narayanseva.org
76203,maiia.com
752182,visitazores.com
217892,whistleout.ca
433276,hitpointpress.com
18454,as-goal.com
818616,acdc.com.tr
667865,managementcurated.com
687972,riotvonline.com
113017,dayoftheweek.org
305001,tapdaq.com
502359,honestabegloves.com
590653,sunworld.vn
807938,akademikerforsakring.se
271893,fortebank.com
62000,wawanimes.com
322076,arbysdeepfriedturkeypillow.com
449359,recon-company.com
770615,demo12-shopgez.com
768948,fullstream.plus
276782,nevale.info
150322,elitehubs.com
632825,clixsense.com
735393,ariona.net
687247,republicansonly.com
658509,iplayamerica.com
586610,dankinhcachnhiet.com
519057,raydanestates.com
683916,primal.com.my
584840,tulipina.com
312226,dailylook.com
893046,ktap-test.netlify.app
716327,ersinelektronik.com
893279,mariasvarbova.com
689017,rtstactical.com
245315,merkmal-biz.jp
189240,credit-cooperatif.coop
848852,quintiq.dev
279204,encoderpro.com
592790,roulettechat.com
274214,fcbarcelona.dk
736143,cadex.co
696739,stereodamage.com
222336,hentaiporn.tube
556784,esntls.co
659523,javad.com
653627,heartbright.org
787119,lebara.nl
29660,sozluk.me
183789,prodege.com
21724,saguaroschuhe.de
497711,apfa.org
831045,papatya.gen.tr
78886,javtorrent.me
841701,telefunken.com
135249,registroimprese.it
356273,tolokonin.com
759982,beyond4cs.com
211838,redmoments.in
173851,russiamovie.site
859532,myconity.fr
53204,1mednews.info
559674,highridgechurch.sharepoint.com
477766,topfuncontent-ch.net
621494,astronprojector.com
701084,thecreditgame.info
276833,norbits.net
34464,redis.readthedocs.io
435377,commercecream.com
618662,alphadefi.fund
803674,easyatwork.no
129664,soyunamarca.com
257163,whfoods.com
141933,circulopuro.com
305759,bereshit-news.co.il
718991,overclockers.at
176013,dronedeploy.com
137847,internet-radio.com
742125,smkn1kedungwuni.sch.id
735490,asuransinow.com
583692,milosgreektaverna.ca
347842,byteks.shop
584983,websitehome.co.uk
278526,devroneurope.it
141232,jaysjournal.com
577386,sauna.nl
409539,economy-pedia.com
895833,radiopanews.pt
109600,mobilityforesights.com
187031,usp.org
798625,peloschek.at
783111,atletiek.nu
567929,purplemountainsrabbitry.weebly.com
832338,sa.edu
196754,diabetes.org.uk
255775,checkfirst.gov.sg
845322,sazegarafshin.wixsite.com
748602,klinikabeauty.pl
60222,rightkind.top
67635,123chill.to
745076,bullfighter.no
694217,smarttechtune.com
362715,nhadatmientrung.vn
817619,expo-experts.be
867202,dr-tronics.be
447018,translatortools.net
387395,marcopolo52.com
511542,apkdone.cloud
532511,euemaillist.com
324828,bandungbaratkab.go.id
194069,tradinghours.com
232836,guebs.com
104502,fundacionbuenvivirybuenmorir.com
845772,unknownmisandry.blogspot.com
763635,ksouhome.com
425166,flydulles.com
410923,laviedesidees.fr
63371,afar.com
110210,shareview.co.uk
817695,goedwonenrupelstreek.be
624749,beyondcheap.com
594166,ecolonomics.org
606751,of.pl
669109,mca-a2.org
655054,homezesty.com
666734,luca.co.in
854786,xshein.myshopify.com
249394,dhbw-mannheim.de
442499,attvideo.com
869925,morgenstond.be
491346,kotsovosbridalfursandprom.com
693656,sivo.com
704470,trademarkesearch.com
818452,360panotours.com
699000,talvis.direct.quickconnect.to
496061,foxchannels.com.tr
887274,graceremovals.co.nz
159490,trainingdesk.com.au
766874,southcoastsurfinglessons.com
92916,sebastian-nove.myshopify.com
42707,9635.com.cn
724239,haroldsironworks.blogspot.com
740289,nashrullahalifauzi.com
124096,planexware.net
320445,horlogeforum.nl
444250,xxhdvideos.com
670814,million-click.com
204778,ddceutkal.ac.in
25411,quanben.io
564315,monkeywrenchracing.com
36646,pagalworld.com.se
878435,48jd.net
602417,theblockchainnew.com
718212,kleinoperakoor.nl
313336,nugnes1920.com
750950,rynekprawniczy.pl
583273,jamsports.com
869668,mcq.org
530335,annunciindustriali.it
69515,lankahotnews.net
603697,pakapri.net
544310,myspacegens.com
108626,construplaza.com
233143,movii.com.co
570806,southshorefurniture.com
69499,austintexas.gov
746993,dragon-survival.eu
320017,nooraanclothes.ir
562667,livevsc-my.sharepoint.com
872057,theminicaketv.free.fr
525336,bn.ua
17174,thehandsome.com
620344,apuestas-deportivas.pe
673344,mybbcglobal.io
598686,space-scitechjournal.org.ua
443465,wingudigitaltraining.com
853025,portdesigns.com
826527,info-d-74.com
299771,dicasdetreino.com.br
278912,imeigurus.com
136598,electrolux.pl
17270,kaptest.com
314442,tutordoctor.co.uk
151945,angeladaviesblog.com.ng
470709,epf.ir
200272,serialochka.ru
349696,galaxydata.ru
100492,360hyper.pt
744868,tosfed.org.tr
795096,istenmeyen.com
214738,up-courses.com
378361,topicss.net
568801,riverregionchamber.org
877703,sunglassstyle.co.nz
35041,needbux.com
127370,wfmu.org
426679,military-ranks.org
668332,markengutschein.de
517996,novaro-pharma.nl
174978,e-vocacion.es
437066,corner4men.com
287802,pornoitaliano.com
461192,powiat-olesnicki.pl
282243,sinoorhotel.com
246513,phihoa.com
741235,pwpind.com
360151,fptonline.net
711824,wordpackmedia.com
256964,sdofipkip.ru
792948,aka100x.com
810601,leuchtturmard.de
120559,colocrossing.com
435354,impots.gov.mr
